fk_schema,fk_table,constraint_name,fk_column,pk_schema,pk_table,pk_column,key_ordinal
sch_auditoria,t_logs,fk_log_id_modulo,id_modulo,sch_auditoria,tm_modulos_log,id,1
sch_auditoria,t_logs,fk_log_id_nivel,id_nivel,sch_auditoria,tm_niveles_log,id,1
sch_auditoria,t_niveles_modulos_log,fk_niveles_modulos_log_id_modulo,id_modulo,sch_auditoria,tm_modulos_log,id,1
sch_auditoria,t_niveles_modulos_log,fk_niveles_modulos_log_id_nivel,id_nivel,sch_auditoria,tm_niveles_log,id,1
sch_convenios,t_capitas,fk_capitas_id_financiador,id_financiador,sch_convenios,t_financiadores,id,1
sch_convenios,t_catalogos_convenios,fk_catalogos_convenios_id_catalogo,id_catalogo,sch_convenios,t_catalogos,id,1
sch_convenios,t_catalogos_convenios,fk_catalogos_convenios_id_convenio,id_convenio,sch_convenios,t_convenios,id,1
sch_convenios,t_clasificacion_prestaciones_valores,t_clasificacion_prestaciones_valores_id_clasificacion_fkey,id_clasificacion,sch_convenios,t_clasificacion_prestaciones,id,1
sch_convenios,t_clasificacion_prestaciones_valores_catalogo,t_clasificacion_prestaciones__id_clasificacion_prestacion__fkey,id_clasificacion_prestacion_valor,sch_convenios,t_clasificacion_prestaciones_valores,id,1
sch_convenios,t_clasificacion_prestaciones_valores_catalogo,t_clasificacion_prestaciones_valore_id_prestacion_catalogo_fkey,id_prestacion_catalogo,sch_convenios,t_prestaciones_catalogos,id,1
sch_convenios,t_clasificacion_prestaciones_valores_referencia,t_clasificacion_prestaciones__id_clasificacion_prestacion_fkey,id_clasificacion_prestacion_valor,sch_convenios,t_clasificacion_prestaciones_valores,id,1
sch_convenios,t_clasificacion_prestaciones_valores_referencia,t_clasificacion_prestaciones_valores_id_prestacion_fkey,id_prestacion,sch_facturador,t_prestaciones,id,1
sch_convenios,t_clasificaciones_convenios_planes,fk_clasificaciones_convenios_planes_clasif_prest_val,id_clasificacion_prestacion_valor,sch_convenios,t_clasificacion_prestaciones_valores,id,1
sch_convenios,t_clasificaciones_convenios_planes,fk_clasificaciones_convenios_planes_conv_planes,id_convenio_plan,sch_convenios,t_convenios_planes,id,1
sch_convenios,t_clasificaciones_convenios_planes,fk_clasificaciones_convenios_planes_tipo_inclusion,id_tipo_inclusion,sch_convenios,tm_tipos_inclusiones,id,1
sch_convenios,t_clasificaciones_valores,fk_valores_clasificaciones_clasificaciones,id_clasificacion,sch_convenios,t_clasificaciones,id,1
sch_convenios,t_componentes,fk_componentes_tipos_componentes,id_tipo_componente,sch_convenios,tm_tipos_componentes,id,1
sch_convenios,t_componentes_prestaciones,fk_componentes_prestaciones_componentes,id_componente,sch_convenios,t_componentes,id,1
sch_convenios,t_componentes_prestaciones,fk_componentes_prestaciones_prest_catal,id_prestacion_catalogo,sch_convenios,t_prestaciones_catalogos,id,1
sch_convenios,t_componentes_prestaciones,fk_componentes_prestaciones_tarifarios,id_tarifario,sch_convenios,t_tarifarios,id,1
sch_convenios,t_componentes_prestaciones,fk_componentes_prestaciones_tipos_calculos,id_tipo_calculo,sch_convenios,tm_tipos_calculos,id,1
sch_convenios,t_componentes_prestaciones,fk_componentes_prestaciones_tipos_galenos,id_tipo_galeno,sch_convenios,tm_tipos_galenos,id,1
sch_convenios,t_convenios,fk_convenios_tipos_convenios,id_tipo,sch_convenios,tm_tipos_convenios,id,1
sch_convenios,t_convenios_capitas,fk_convenios_capitas_id_capita,id_capita,sch_convenios,t_capitas,id,1
sch_convenios,t_convenios_capitas,fk_convenios_capitas_id_convenio,id_convenio,sch_convenios,t_convenios,id,1
sch_convenios,t_convenios_filiales,fk_convenios_filiales_id_convenio,id_convenio,sch_convenios,t_convenios,id,1
sch_convenios,t_convenios_filiales,fk_convenios_filiales_id_filial,id_filial,sch_convenios,t_filiales,id,1
sch_convenios,t_convenios_gerenciadores,fk_convenios_gerenciadores_id_convenio,id_convenio,sch_convenios,t_convenios,id,1
sch_convenios,t_convenios_gerenciadores,fk_convenios_gerenciadores_id_financiador,id_financiador,sch_convenios,t_financiadores,id,1
sch_convenios,t_convenios_planes,fk_convenios_plan_id_convenio,id_convenio,sch_convenios,t_convenios,id,1
sch_convenios,t_convenios_planes,fk_convenios_plan_id_plan,id_plan,sch_convenios,t_planes,id,1
sch_convenios,t_convenios_planes_descartables,fk_convenios_planes_descartables_id_conv_plan,id_convenio_plan,sch_convenios,t_convenios_planes,id,1
sch_convenios,t_convenios_planes_medicamentos,fk_convenios_planes_medicamentos_id_conv_plan,id_convenio_plan,sch_convenios,t_convenios_planes,id,1
sch_convenios,t_convenios_planes_medicamentos,fk_convenios_planes_medicamentos_id_orig_medi,id_origen_medicamentos,sch_convenios,tm_origen_medicamentos,id,1
sch_convenios,t_convenios_prestadores,fk_convenios_prestadores_id_convenio,id_convenio,sch_convenios,t_convenios,id,1
sch_convenios,t_convenios_prestadores,fk_convenios_prestadores_id_prestadores,id_prestador,sch_convenios,t_prestadores,id,1
sch_convenios,t_filiales,fk_filiales_domicilios,id_domicilio,sch_convenios,t_domicilios,id,1
sch_convenios,t_filiales,fk_filiales_financiadores,id_financiador,sch_convenios,t_financiadores,id,1
sch_convenios,t_filiales_contactos,fk_filiales_contactos_contactos,id_contacto,sch_convenios,t_contactos,id,1
sch_convenios,t_filiales_contactos,fk_filiales_contactos_filiales,id_filial,sch_convenios,t_filiales,id,1
sch_convenios,t_financiadores,fk_financiadores_domicilios,id_domicilio,sch_convenios,t_domicilios,id,1
sch_convenios,t_financiadores,fk_financiadores_tipo_financiador,id_tipo_financiador,sch_convenios,t_tipos_financiadores,id,1
sch_convenios,t_financiadores_contactos,fk_financiadores_contactos_contactos,id_contacto,sch_convenios,t_contactos,id,1
sch_convenios,t_financiadores_contactos,fk_financiadores_contactos_financiadores,id_financiador,sch_convenios,t_financiadores,id,1
sch_convenios,t_financiadores_historicos,fk_financiadores_historicos_financiadores,id_financiador,sch_convenios,t_financiadores,id,1
sch_convenios,t_homologaciones,fk_homologaciones_id_catalogo,id_catalogo,sch_convenios,t_catalogos,id,1
sch_convenios,t_homologaciones,fk_homologaciones_id_prestacion_catalogo,id_prestacion_catalogo,sch_convenios,t_prestaciones_catalogos,id,1
sch_convenios,t_homologaciones,fk_homologaciones_id_prestacion_referencia,id_prestacion_referencia,sch_facturador,t_prestaciones,id,1
sch_convenios,t_homologaciones,fk_homologaciones_id_tipo_homologacion,id_tipo_homologacion,sch_convenios,tm_tipos_homologacion,id,1
sch_convenios,t_locaciones,fk_locaciones_prestadores,id_prestador,sch_convenios,t_prestadores,id,1
sch_convenios,t_locaciones_contactos,fk_locaciones_contactos_contactos,id_contacto,sch_convenios,t_contactos,id,1
sch_convenios,t_locaciones_contactos,fk_locaciones_contactos_locaciones,id_locacion,sch_convenios,t_locaciones,id,1
sch_convenios,t_locaciones_puntos_de_venta,fk_locaciones_puntos_de_venta_locaciones,id_locacion,sch_convenios,t_locaciones,id,1
sch_convenios,t_medicamentos_comerciales,fk_medicamentos_comerciales_id_orig_medicamento,id_origen_medicamento,sch_convenios,tm_origen_medicamentos,id,1
sch_convenios,t_modulos_prestaciones,fk_modulos_prestaciones_id_modulo,id_modulo,sch_convenios,t_modulos,id,1
sch_convenios,t_modulos_prestaciones,fk_modulos_prestaciones_id_prestacion_referencia,id_prestacion_referencia,sch_facturador,t_prestaciones,id,1
sch_convenios,t_modulos_prestaciones,fk_modulos_prestaciones_id_tipo_inclusion,id_tipo_inclusion,sch_convenios,tm_tipos_inclusiones,id,1
sch_convenios,t_modulos_reglas,fk_modulos_reglas_id_modulo,id_modulo,sch_convenios,t_modulos,id,1
sch_convenios,t_modulos_reglas,fk_modulos_reglas_id_regla_modulo,id_regla_modulada,sch_convenios,t_reglas_moduladas,id,1
sch_convenios,t_modulos_reglas,fk_modulos_reglas_id_tipo_inclusion,id_tipo_inclusion,sch_convenios,tm_tipos_inclusiones,id,1
sch_convenios,t_normas_convenios_planes,fk_normas_conv_planes_id_conv_plan,id_convenio_plan,sch_convenios,t_convenios_planes,id,1
sch_convenios,t_normas_convenios_planes,fk_normas_conv_planes_id_norma_operativa,id_norma_operativa,sch_convenios,t_normas_operativas,id,1
sch_convenios,t_normas_documentos,fk_normas_documentos_id_norma_operativa,id_norma_operativa,sch_convenios,t_normas_operativas,id,1
sch_convenios,t_normas_documentos,fk_normas_documentos_id_prestacion_catalogo,id_prestacion_catalogo,sch_convenios,t_prestaciones_catalogos,id,1
sch_convenios,t_normas_documentos,fk_normas_documentos_id_tipo_norma_doc,id_tipo_norma_documento,sch_convenios,tm_tipos_normas_documentos,id,1
sch_convenios,t_normas_operativas,fk_normas_operativas_catalogo,id_catalogo,sch_convenios,t_catalogos,id,1
sch_convenios,t_normas_operativas_archivos,fk_normas_operativas_archivos_norm_oper,id_norma_operativa,sch_convenios,t_normas_operativas,id,1
sch_convenios,t_normas_operativas_documentos_generales,fk_normas_operativas_documentos_generales_norm_oper,id_norma_operativa,sch_convenios,t_normas_operativas,id,1
sch_convenios,t_normas_operativas_documentos_generales,fk_normas_operativas_documentos_generales_tip_norm_oper,id_tipo_norma_documento,sch_convenios,tm_tipos_normas_documentos,id,1
sch_convenios,t_normas_operativas_documentos_generales_ambitos,fk_normas_operativas_documentos_generales_norm_oper_doc_grales,id_norma_operativa_documento_general,sch_convenios,t_normas_operativas_documentos_generales,id,1
sch_convenios,t_pami_modulos_prestadores,fk_pami_modulos_prestadores_modulo,id_pami_modulo,sch_convenios,tm_pami_modulos,id,1
sch_convenios,t_pami_modulos_prestadores,fk_pami_modulos_prestadores_prestador,id_prestador,sch_convenios,t_prestadores,id,1
sch_convenios,t_planes,fk_planes_financiadores,id_financiador,sch_convenios,t_financiadores,id,1
sch_convenios,t_planes_historicos,fk_planes_historicos_planes,id_plan,sch_convenios,t_planes,id,1
sch_convenios,t_planes_tipos_iva,fk_planes_tipos_iva_planes,id_plan,sch_convenios,t_planes,id,1
sch_convenios,t_prestaciones_catalogos,fk_prestaciones_catalogo_id_catalogo,id_catalogo,sch_convenios,t_catalogos,id,1
sch_convenios,t_prestaciones_catalogos,fk_prestaciones_catalogos_id_modulo,id_modulo,sch_convenios,t_modulos,id,1
sch_convenios,t_prestaciones_catalogos_ambitos,fk_prestaciones_catalogos_ambitos_id_prestacion_catalogo,id_prestacion_catalogo,sch_convenios,t_prestaciones_catalogos,id,1
sch_convenios,t_prestaciones_convenios_planes,fk_prestaciones_convenios_planes_id_convenio_plan,id_convenio_plan,sch_convenios,t_convenios_planes,id,1
sch_convenios,t_prestaciones_convenios_planes,fk_prestaciones_convenios_planes_id_prestacion_catalogo,id_prestacion_catalogo,sch_convenios,t_prestaciones_catalogos,id,1
sch_convenios,t_prestaciones_convenios_planes,fk_prestaciones_convenios_planes_id_tipo_inclusion,id_tipo_inclusion,sch_convenios,tm_tipos_inclusiones,id,1
sch_convenios,t_prestaciones_descartables,prestacion_descartables_prestaciones_fk,id_prestacion_referencia,sch_facturador,t_prestaciones,id,1
sch_convenios,t_prestaciones_descartables,prestaciones_descartables_descartables_fk,id_descartable,sch_convenios,t_descartables,id,1
sch_convenios,t_prestaciones_medicamentos,fk_prestaciones_medicamentos_id_orig_medicamento,id_medicamento_comercial,sch_convenios,t_medicamentos_comerciales,id,1
sch_convenios,t_prestaciones_medicamentos,fk_prestaciones_medicamentos_id_prestacion_referencia,id_prestacion_referencia,sch_facturador,t_prestaciones,id,1
sch_convenios,t_prestadores,fk_prestadores_domicilios,id_domicilio,sch_convenios,t_domicilios,id,1
sch_convenios,t_prestadores,fk_prestadores_sociedades,id_sociedad,sch_convenios,t_sociedades,id,1
sch_convenios,t_prestadores_contactos,fk_prestadores_contactos_contactos,id_contacto,sch_convenios,t_contactos,id,1
sch_convenios,t_prestadores_contactos,fk_prestadores_contactos_prestadores,id_prestador,sch_convenios,t_prestadores,id,1
sch_convenios,t_prestadores_directores,fk_prestadores_directores_prestadores,id_prestador,sch_convenios,t_prestadores,id,1
sch_convenios,t_prestadores_historicos,fk_prestadores_historicos_prestadores,id_prestador,sch_convenios,t_prestadores,id,1
sch_convenios,t_prestadores_modulos,t_prestadores_modulos_id_clasificacion_prestacion_valor_fkey,id_clasificacion_prestacion_valor,sch_convenios,t_clasificacion_prestaciones_valores,id,1
sch_convenios,t_prestadores_modulos,t_prestadores_modulos_id_prestador_fkey,id_prestador,sch_convenios,t_prestadores,id,1
sch_convenios,t_prestadores_modulos_pami,t_prestadores_modulos_pami_id_clasificacion_prestacion_val_fkey,id_clasificacion_prestacion_valor,sch_convenios,t_clasificacion_prestaciones_valores,id,1
sch_convenios,t_prestadores_puntos_de_venta,fk_sociedad_prestador,id_sociedad_prestador,sch_convenios,t_sociedades_prestadores,id,1
sch_convenios,t_reglas_moduladas_detalles,fk_reglas_moduladas_detalles_id_clasificacion_prest_valor,id_clasificacion_valor,sch_convenios,t_clasificacion_prestaciones_valores,id,1
sch_convenios,t_reglas_moduladas_detalles,fk_reglas_moduladas_detalles_id_regla_modulo,id_regla_modulada,sch_convenios,t_reglas_moduladas,id,1
sch_convenios,t_sociedades_prestadores,fk_sociedades_prestadores_prestador,id_prestador,sch_convenios,t_prestadores,id,1
sch_convenios,t_sociedades_prestadores,fk_sociedades_prestadores_sociedades,id_sociedad,sch_convenios,t_sociedades,id,1
sch_convenios,t_tarifario_descartables,fk_tarifario_descartables_impo_desc_job,id_importacion_descartables_job,sch_facturador,t_importacion_descartables_job,id,1
sch_convenios,t_tarifario_descartables,tarifario_descartables_codigo_sap_fk,id_descartable,sch_convenios,t_descartables,id,1
sch_convenios,t_tarifarios,fk_tarifarios_id_catalogo,id_catalogo,sch_convenios,t_catalogos,id,1
sch_convenios,t_tarifarios_componentes,fk_componentes_tarifarios_comp_prestaciones,id_componente_prestacion,sch_convenios,t_componentes_prestaciones,id,1
sch_convenios,t_tarifarios_componentes,fk_componentes_tarifarios_tar_prest_catal,id_tarifario_prestacion_catalogo,sch_convenios,t_tarifarios_prestaciones_catalogos,id,1
sch_convenios,t_tarifarios_convenios_planes,fk_tarifarios_conv_plan_id_conv_plan,id_convenio_plan,sch_convenios,t_convenios_planes,id,1
sch_convenios,t_tarifarios_convenios_planes,fk_tarifarios_conv_plan_id_tarifario,id_tarifario,sch_convenios,t_tarifarios,id,1
sch_convenios,t_tarifarios_medicamentos,fk_tarifarios_medicamentos_id_orig_medicamento,id_medicamento_comercial,sch_convenios,t_medicamentos_comerciales,id,1
sch_convenios,t_tarifarios_prestaciones_catalogos,fk_tarifarios_pres_cat_id_pres_cat,id_prestacion_catalogo,sch_convenios,t_prestaciones_catalogos,id,1
sch_convenios,t_tarifarios_prestaciones_catalogos,fk_tarifarios_pres_cat_id_tarifario,id_tarifario,sch_convenios,t_tarifarios,id,1
sch_convenios,t_tarifarios_prestaciones_catalogos,fk_tarifarios_pres_cat_id_tipo_calc,id_tipo_calculo,sch_convenios,tm_tipos_calculos,id,1
sch_convenios,t_tarifarios_prestaciones_catalogos,fk_tarifarios_pres_cat_id_tipo_valorizacion,id_tipo_valorizacion,sch_convenios,tm_tipos_valorizaciones,id,1
sch_facturador,t_acciones_pendientes,fk_acciones_pendientes_id_accion,id_accion,sch_facturador,tm_tipos_acciones_prefacturar,id,1
sch_facturador,t_acciones_pendientes,fk_acciones_pendientes_id_estado,id_estado,sch_facturador,tm_estados_proceso,id,1
sch_facturador,t_clasificaciones_valores_prestaciones,fk_clasificaciones_valores_prestaciones_clasificaciones,id_clasificacion_valor,sch_convenios,t_clasificaciones_valores,id,1
sch_facturador,t_clasificaciones_valores_prestaciones,fk_clasificaciones_valores_prestaciones_prestaciones,id_prestacion,sch_facturador,t_prestaciones,id,1
sch_facturador,t_configuracion_procesos,fk_proceso_config,id_proceso,sch_facturador,t_procesos,id,1
sch_facturador,t_detalle_factura,fk_detalle_factura_conceptos_facturables,id_concepto_facturable,sch_facturador,t_conceptos_facturables,id,1
sch_facturador,t_detalle_factura,fk_detalle_factura_facturas,id_factura,sch_facturador,t_facturas,id,1
sch_facturador,t_episodios_generales,fk_episodio_general_tipo_motivo,id_tipo_motivo,sch_facturador,tm_tipos_motivos,id,1
sch_facturador,t_episodios_generales,fk_episodios_generales_estados_episodios,id_estado_episodio,sch_facturador,tm_estados_episodios,id,1
sch_facturador,t_episodios_generales,fk_episodios_generales_filiales,id_filial,sch_convenios,t_filiales,id,1
sch_facturador,t_episodios_generales,fk_episodios_generales_financiadores,id_financiador,sch_convenios,t_financiadores,id,1
sch_facturador,t_episodios_generales,fk_episodios_generales_gerenciador,id_gerenciador,sch_convenios,t_financiadores,id,1
sch_facturador,t_episodios_generales,fk_episodios_generales_planes,id_plan,sch_convenios,t_planes,id,1
sch_facturador,t_episodios_generales,fk_episodios_generales_prestadores,id_prestador,sch_convenios,t_prestadores,id,1
sch_facturador,t_episodios_generales,fk_procesamientos_id_orig_medi,id_capita,sch_convenios,t_capitas,id,1
sch_facturador,t_episodios_generales_estados,fk_episodios_generales_estados_episodios,id_episodio_general,sch_facturador,t_episodios_generales,id,1
sch_facturador,t_episodios_generales_estados,fk_episodios_generales_estados_estados,id_estado_episodio,sch_facturador,tm_estados_episodios,id,1
sch_facturador,t_episodios_homologados,fk_episodios_homologados_episodio_general,id_episodio_general,sch_facturador,t_episodios_generales,id,1
sch_facturador,t_episodios_homologados,fk_episodios_homologados_prefacturas,id_prefactura,sch_facturador,t_prefacturas,id,1
sch_facturador,t_episodios_homologados,fk_episodios_homologados_semafotos,id_semaforo,sch_facturador,tm_semaforos,id,1
sch_facturador,t_episodios_procesados,fk_episodios_procesados_id_episodio,id_episodio,sch_facturador,t_episodios_generales,id,1
sch_facturador,t_episodios_procesados,fk_episodios_procesados_id_estado_epsiodio_anterior,id_estado_episodio_anterior,sch_facturador,tm_estados_episodios,id,1
sch_facturador,t_episodios_procesados,fk_episodios_procesados_id_estado_proceso,id_estado_proceso,sch_facturador,tm_estados_proceso,id,1
sch_facturador,t_episodios_procesados,fk_episodios_procesados_id_financiador,id_financiador,sch_convenios,t_financiadores,id,1
sch_facturador,t_episodios_procesados,fk_episodios_procesados_id_gerenciador,id_gerenciador,sch_convenios,t_financiadores,id,1
sch_facturador,t_episodios_procesados,fk_episodios_procesados_id_plan,id_plan,sch_convenios,t_planes,id,1
sch_facturador,t_episodios_procesados,fk_episodios_procesados_id_prestador,id_prestador,sch_convenios,t_prestadores,id,1
sch_facturador,t_episodios_procesados,fk_episodios_procesados_id_semaforo,id_semaforo,sch_facturador,tm_semaforos,id,1
sch_facturador,t_exportacion_pami_job_parametros,fk1_job_id,job_id,sch_facturador,t_exportacion_pami_job,job_id,1
sch_facturador,t_exportacion_pami_job_prestadores,fk_exportacion_pami_job,job_id,sch_facturador,t_exportacion_pami_job,job_id,1
sch_facturador,t_facturas,fk_facturas_estados_facturas,id_estado_factura,sch_facturador,tm_estados_facturas,id,1
sch_facturador,t_facturas,fk_facturas_gerenciador,id_gerenciador,sch_convenios,t_financiadores,id,1
sch_facturador,t_facturas,fk_facturas_punto_venta,id_punto_venta,sch_convenios,t_prestadores_puntos_de_venta,id,1
sch_facturador,t_facturas_estado_factura,fk_estado_factura,id_estado_factura,sch_facturador,tm_estados_facturas,id,1
sch_facturador,t_facturas_estado_factura,fk_factura,id_factura,sch_facturador,t_facturas,id,1
sch_facturador,t_facturas_prefacturas,fk_facturas_prefacturas_facturas,id_factura,sch_facturador,t_facturas,id,1
sch_facturador,t_facturas_prefacturas,fk_facturas_prefacturas_prefacturas,id_prefactura,sch_facturador,t_prefacturas,id,1
sch_facturador,t_facturas_prestadores,fk_facturas_prestadores_facturas,id_factura,sch_facturador,t_facturas,id,1
sch_facturador,t_facturas_prestadores,fk_facturas_prestadores_prestadores,id_prestador,sch_convenios,t_prestadores,id,1
sch_facturador,t_importacion_descartables_job_parametros,fk_descartables_job_id,job_id,sch_facturador,t_importacion_descartables_job,job_id,1
sch_facturador,t_importacion_tarifario_job_parametros,fk1_job_id,job_id,sch_facturador,t_importacion_tarifario_job,job_id,1
sch_facturador,t_modulos_prestaciones_procesamientos,fk_mpp_id_prestacion_episodio_padre,id_prestacion_episodio_padre,sch_facturador,t_prestaciones_episodios,id,1
sch_facturador,t_modulos_prestaciones_procesamientos,fk_mpp_id_prestacion_referencia,id_prestacion_referencia,sch_facturador,t_prestaciones,id,1
sch_facturador,t_modulos_prestaciones_procesamientos,fk_t_modulos_prestaciones_procesamientos_id_episodio,id_episodio,sch_facturador,t_episodios_generales,id,1
sch_facturador,t_modulos_prestaciones_procesamientos,fk_t_modulos_prestaciones_procesamientos_id_prestacion_episodio,id_prestacion_episodio,sch_facturador,t_prestaciones_episodios,id,1
sch_facturador,t_modulos_procesamientos,fk_t_modulos_procesamientos_id_episodio,id_episodio,sch_facturador,t_episodios_generales,id,1
sch_facturador,t_modulos_procesamientos,fk_t_modulos_procesamientos_id_prestacion_episodio,id_prestacion_episodio,sch_facturador,t_prestaciones_episodios,id,1
sch_facturador,t_modulos_procesamientos,fk_t_modulos_procesamientos_id_prestacion_referencia,id_prestacion_referencia,sch_facturador,t_prestaciones,id,1
sch_facturador,t_pases,fk_pases_servicio,id_servicio,sch_convenios,tm_servicios,id,1
sch_facturador,t_pases,fk_pases_servicio_destino,id_servicio_destino,sch_convenios,tm_servicios,id,1
sch_facturador,t_pases,fk_pases_servicio_origen,id_servicio_origen,sch_convenios,tm_servicios,id,1
sch_facturador,t_prefacturas,fk_prefacturas_convenios,id_convenio,sch_convenios,t_convenios,id,1
sch_facturador,t_prefacturas,fk_prefacturas_financiadores,id_gerenciador,sch_convenios,t_financiadores,id,1
sch_facturador,t_prefacturas,fk_prefacturas_prefacturas_estados,id_prefactura_estado,sch_facturador,tm_prefacturas_estados,id,1
sch_facturador,t_prefacturas,fk_prefacturas_prestadores,id_prestador,sch_convenios,t_prestadores,id,1
sch_facturador,t_prefacturas,fk_prefacturas_semaforos,id_semaforo,sch_facturador,tm_semaforos,id,1
sch_facturador,t_prefacturas_conceptos,fk_prefacturas_conceptos_conceptos_facturables,id_concepto_facturable,sch_facturador,t_conceptos_facturables,id,1
sch_facturador,t_prefacturas_conceptos,fk_prefacturas_conceptos_prefacturas,id_prefactura,sch_facturador,t_prefacturas,id,1
sch_facturador,t_prestaciones,fk_prestaciones_tipo_prestacion,id_tipo_prestacion,sch_facturador,tm_tipos_prestaciones,id,1
sch_facturador,t_prestaciones_conceptos_facturables,fk_prestaciones_conceptos_facturables_conceptos_facturables,id_concepto_facturable,sch_facturador,t_conceptos_facturables,id,1
sch_facturador,t_prestaciones_conceptos_facturables,fk_prestaciones_conceptos_facturables_convenios,id_convenio_plan,sch_convenios,t_convenios_planes,id,1
sch_facturador,t_prestaciones_conceptos_facturables,fk_prestaciones_conceptos_facturables_prestaciones_catalogos,id_prestacion_catalogo,sch_convenios,t_prestaciones_catalogos,id,1
sch_facturador,t_prestaciones_episodios,fk_prestaciones_episodios_episodios_generales,id_episodio_general,sch_facturador,t_episodios_generales,id,1
sch_facturador,t_prestaciones_episodios,fk_prestaciones_episodios_especialidades,id_especialidad,sch_convenios,tm_especialidades,id,1
sch_facturador,t_prestaciones_episodios,fk_prestaciones_episodios_estados_prestaciones_episodios,id_estado_prestacion_episodio,sch_facturador,tm_estados_prestaciones_episodios,id,1
sch_facturador,t_prestaciones_episodios,fk_prestaciones_episodios_id_prestacion_ref,id_prestacion_ref,sch_facturador,t_prestaciones_episodios,id,1
sch_facturador,t_prestaciones_episodios,fk_prestaciones_episodios_id_tipo_norma_doc,id_tipo_norma_documento,sch_convenios,tm_tipos_normas_documentos,id,1
sch_facturador,t_prestaciones_episodios,fk_prestaciones_episodios_metodos_registro,id_metodo_registro,sch_facturador,t_metodos_registro,id,1
sch_facturador,t_prestaciones_episodios,fk_prestaciones_episodios_prestaciones,id_prestacion,sch_facturador,t_prestaciones,id,1
sch_facturador,t_prestaciones_episodios,fk_prestaciones_episodios_servicios,id_servicio,sch_convenios,tm_servicios,id,1
sch_facturador,t_prestaciones_episodios,fk_prestaciones_episodios_tipo_motivo,id_tipo_motivo,sch_facturador,tm_tipos_motivos,id,1
sch_facturador,t_prestaciones_episodios,fk_prestaciones_episodios_tipos_autorizaciones,id_tipo_autorizacion,sch_facturador,tm_tipos_autorizaciones,id,1
sch_facturador,t_prestaciones_episodios_generales_estados,fk_prestaciones_episodios_generales_estados_estados,id_estado_prestacion_episodio,sch_facturador,tm_estados_prestaciones_episodios,id,1
sch_facturador,t_prestaciones_episodios_generales_estados,fk_prestaciones_episodios_generales_estados_prestaciones,id_prestacion_episodio,sch_facturador,t_prestaciones_episodios,id,1
sch_facturador,t_prestaciones_episodios_homologadas,fk_prest_epis_hom_id_prestacion_episodio_padre,id_prestacion_episodio_padre,sch_facturador,t_prestaciones_episodios,id,1
sch_facturador,t_prestaciones_episodios_homologadas,fk_prestaciones_episodios_homologadas_prestacion_catalogo,id_prestacion_catalogo,sch_convenios,t_prestaciones_catalogos,id,1
sch_facturador,t_prestaciones_episodios_homologadas,fk_prestaciones_episodios_homologados_tipos_autorizaciones,id_tipo_autorizacion,sch_facturador,tm_tipos_autorizaciones,id,1
sch_facturador,t_prestaciones_episodios_homologadas,fk_prestaciones_homologadas_episodios_homologados,id_episodio_homologado,sch_facturador,t_episodios_homologados,id,1
sch_facturador,t_prestaciones_episodios_homologadas,fk_prestaciones_homologadas_prestaciones_episodios,id_prestacion_episodio,sch_facturador,t_prestaciones_episodios,id,1
sch_facturador,t_procesamientos,fk_procesamientos_id_catalogo,id_catalogo,sch_convenios,t_catalogos,id,1
sch_facturador,t_procesamientos,fk_procesamientos_id_convenio,id_convenio,sch_convenios,t_convenios,id,1
sch_facturador,t_procesamientos,fk_procesamientos_id_convenio_plan,id_convenio_plan,sch_convenios,t_convenios_planes,id,1
sch_facturador,t_procesamientos,fk_procesamientos_id_episodio,id_episodio,sch_facturador,t_episodios_generales,id,1
sch_facturador,t_procesamientos,fk_procesamientos_id_especialidad,id_especialidad,sch_convenios,tm_especialidades,id,1
sch_facturador,t_procesamientos,fk_procesamientos_id_estado_proceso,id_estado_proceso,sch_facturador,tm_estados_proceso,id,1
sch_facturador,t_procesamientos,fk_procesamientos_id_orig_medi,id_origen_medicamentos,sch_convenios,tm_origen_medicamentos,id,1
sch_facturador,t_procesamientos,fk_procesamientos_id_plan,id_plan,sch_convenios,t_planes,id,1
sch_facturador,t_procesamientos,fk_procesamientos_id_prefactura,id_prefactura,sch_facturador,t_prefacturas,id,1
sch_facturador,t_procesamientos,fk_procesamientos_id_prestacion_episodio,id_prestacion_episodio,sch_facturador,t_prestaciones_episodios,id,1
sch_facturador,t_procesamientos,fk_procesamientos_id_prestacion_episodio_padre,id_prestacion_episodio_padre,sch_facturador,t_prestaciones_episodios,id,1
sch_facturador,t_procesamientos,fk_procesamientos_id_prestacion_referencia,id_prestacion_referencia,sch_facturador,t_prestaciones,id,1
sch_facturador,t_procesamientos,fk_procesamientos_id_prestador,id_prestador,sch_convenios,t_prestadores,id,1
sch_facturador,t_procesamientos,fk_procesamientos_id_tarifario,id_tarifario,sch_convenios,t_tarifarios,id,1
sch_facturador,t_procesamientos,fk_procesamientos_id_tipo_autorizacion_convenio_plan,id_tipo_autorizacion_convenio_plan,sch_facturador,tm_tipos_autorizaciones,id,1
sch_facturador,t_procesamientos,fk_procesamientos_id_tipo_autorizacion_prestacion,id_tipo_autorizacion_prestacion,sch_facturador,tm_tipos_autorizaciones,id,1
sch_facturador,t_procesamientos,fk_procesamientos_id_tipo_moneda,id_tipo_moneda,sch_facturador,tm_tipos_moneda,id,1
sch_facturador,t_staging_alfabeta,fk_t_staging_alfabeta_id_estado,id_estado_registro_staging,sch_facturador,tm_estados_registros_staging,id,1
sch_motor_reglas,t_clasificaciones_generales_valores,fk_clasif_valores_clasificacion,id_clasificacion,sch_motor_reglas,t_clasificaciones_generales,id,1
sch_motor_reglas,t_conjuntos,fk_conj_ent_prestacion_ref,id_prestacion_referencia,sch_facturador,t_prestaciones,id,1
sch_motor_reglas,t_conjuntos_entidades,fk_conj_ent_conjunto,id_conjunto,sch_motor_reglas,t_conjuntos,id,1
sch_motor_reglas,t_conjuntos_entidades,fk_conj_ent_tipo_entidad,id_tipo_entidad,sch_motor_reglas,tm_tipos_entidades,id,1
sch_motor_reglas,t_conjuntos_reglas,fk_conj_reg_conjunto,id_conjunto,sch_motor_reglas,t_conjuntos,id,1
sch_motor_reglas,t_conjuntos_reglas,fk_conj_reg_regla,id_regla,sch_motor_reglas,t_reglas,id,1
sch_motor_reglas,t_detalles_reglas,fk_det_reg_clasif_valor,id_clasificacion_general_valor,sch_motor_reglas,t_clasificaciones_generales_valores,id,1
sch_motor_reglas,t_detalles_reglas,fk_det_reg_funcion,id_funcion,sch_motor_reglas,tm_funciones,id,1
sch_motor_reglas,t_detalles_reglas,fk_det_reg_regla,id_regla,sch_motor_reglas,t_reglas,id,1
sch_motor_reglas,t_reglas,fk_reglas_prestacion_ref,id_prestacion_referencia,sch_facturador,t_prestaciones,id,1
